{"cameraMode":{"drawMode":0,"name":"Shaded","section":"Shading Mode"},"sceneLighting":false,"audioPlay":false,"sceneViewState":{"m_AlwaysRefresh":false,"showFog":true,"showSkybox":false,"showFlares":true,"showImageEffects":true,"showParticleSystems":true,"showVisualEffectGraphs":true,"m_FxEnabled":true},"in2DMode":false,"pivot":{"x":2.6547532081604006,"y":0.630000114440918,"z":-0.10241047292947769},"rotation":{"x":0.1398625671863556,"y":-0.7094157934188843,"z":0.14699028432369233,"w":0.6750065088272095},"size":1.2379238605499268,"orthographic":false}