{"cameraMode":{"drawMode":0,"name":"Shaded","section":"Shading Mode"},"sceneLighting":false,"audioPlay":false,"sceneViewState":{"m_AlwaysRefresh":false,"showFog":true,"showSkybox":false,"showFlares":true,"showImageEffects":true,"showParticleSystems":true,"showVisualEffectGraphs":true,"m_FxEnabled":true},"in2DMode":false,"pivot":{"x":37.640628814697269,"y":1.0224274396896363,"z":30.369159698486329},"rotation":{"x":-0.24138833582401277,"y":-0.08753147721290589,"z":0.021879900246858598,"w":-0.9662511348724365},"size":27.18073844909668,"orthographic":false}