{"cameraMode":{"drawMode":0,"name":"Shaded","section":"Shading Mode"},"sceneLighting":false,"audioPlay":false,"sceneViewState":{"m_AlwaysRefresh":false,"showFog":true,"showSkybox":false,"showFlares":true,"showImageEffects":true,"showParticleSystems":true,"showVisualEffectGraphs":true,"m_FxEnabled":true},"in2DMode":false,"pivot":{"x":-2.515951633453369,"y":0.8299990892410278,"z":-0.3396174907684326},"rotation":{"x":0.14674729108810426,"y":0.2736714482307434,"z":-0.042289432138204578,"w":0.9496893882751465},"size":1.0186755657196046,"orthographic":false}