{"cameraMode":{"drawMode":0,"name":"Shaded","section":"Shading Mode"},"sceneLighting":false,"audioPlay":false,"sceneViewState":{"m_AlwaysRefresh":false,"showFog":true,"showSkybox":false,"showFlares":true,"showImageEffects":true,"showParticleSystems":true,"showVisualEffectGraphs":true,"m_FxEnabled":true},"in2DMode":false,"pivot":{"x":-0.10606127977371216,"y":0.8399999737739563,"z":0.15357327461242677},"rotation":{"x":-0.16414807736873628,"y":-0.06982062011957169,"z":0.011661889031529427,"w":-0.9839186072349548},"size":1.5760875940322877,"orthographic":false}