{"cameraMode":{"drawMode":0,"name":"Shaded","section":"Shading Mode"},"sceneLighting":false,"audioPlay":false,"sceneViewState":{"m_AlwaysRefresh":false,"showFog":true,"showSkybox":false,"showFlares":true,"showImageEffects":true,"showParticleSystems":true,"showVisualEffectGraphs":true,"m_FxEnabled":true},"in2DMode":false,"pivot":{"x":1.433638095855713,"y":0.7232193946838379,"z":-0.5079770088195801},"rotation":{"x":-0.18432456254959107,"y":-0.19786052405834199,"z":0.037924494594335559,"w":-0.9620233774185181},"size":3.831465244293213,"orthographic":false}