{"cameraMode":{"drawMode":0,"name":"Shaded","section":"Shading Mode"},"sceneLighting":false,"audioPlay":false,"sceneViewState":{"m_AlwaysRefresh":false,"showFog":true,"showSkybox":false,"showFlares":true,"showImageEffects":true,"showParticleSystems":true,"showVisualEffectGraphs":true,"m_FxEnabled":true},"in2DMode":false,"pivot":{"x":-3.8604423999786379,"y":2.923046588897705,"z":-3.642035961151123},"rotation":{"x":-0.1726336032152176,"y":-0.44807928800582888,"z":0.08867326378822327,"w":-0.8727062344551086},"size":0.005227014888077974,"orthographic":false}