{"cameraMode":{"drawMode":0,"name":"Shaded","section":"Shading Mode"},"sceneLighting":false,"audioPlay":false,"sceneViewState":{"m_AlwaysRefresh":false,"showFog":true,"showSkybox":false,"showFlares":true,"showImageEffects":true,"showParticleSystems":true,"showVisualEffectGraphs":true,"m_FxEnabled":true},"in2DMode":false,"pivot":{"x":1.4146480560302735,"y":0.9160000085830689,"z":1.7942276000976563},"rotation":{"x":-0.04151715710759163,"y":0.8979657292366028,"z":-0.08673922717571259,"w":-0.42949867248535159},"size":1.2819736003875733,"orthographic":false}