{"cameraMode":{"drawMode":0,"name":"Shaded","section":"Shading Mode"},"sceneLighting":false,"audioPlay":false,"sceneViewState":{"m_AlwaysRefresh":false,"showFog":true,"showSkybox":false,"showFlares":true,"showImageEffects":true,"showParticleSystems":true,"showVisualEffectGraphs":true,"m_FxEnabled":true},"in2DMode":false,"pivot":{"x":-0.19600456953048707,"y":0.9314666986465454,"z":-0.06720244884490967},"rotation":{"x":-0.11861369758844376,"y":0.5597343444824219,"z":-0.08131999522447586,"w":-0.8161309361457825},"size":1.0475988388061524,"orthographic":false}