{"cameraMode":{"drawMode":0,"name":"Shaded","section":"Shading Mode"},"sceneLighting":false,"audioPlay":false,"sceneViewState":{"m_AlwaysRefresh":false,"showFog":true,"showSkybox":false,"showFlares":true,"showImageEffects":true,"showParticleSystems":true,"showVisualEffectGraphs":true,"m_FxEnabled":true},"in2DMode":false,"pivot":{"x":-0.0043898820877075199,"y":-0.22882962226867677,"z":0.744101881980896},"rotation":{"x":-0.04461104795336723,"y":0.7077971696853638,"z":-0.04486594721674919,"w":-0.7036440968513489},"size":0.9343639016151428,"orthographic":false}