{"cameraMode":{"drawMode":0,"name":"Shaded","section":"Shading Mode"},"sceneLighting":false,"audioPlay":false,"sceneViewState":{"m_AlwaysRefresh":false,"showFog":true,"showSkybox":false,"showFlares":true,"showImageEffects":true,"showParticleSystems":true,"showVisualEffectGraphs":true,"m_FxEnabled":true},"in2DMode":false,"pivot":{"x":-0.005393564701080322,"y":0.12502673268318177,"z":0.08308690786361695},"rotation":{"x":-0.1322958916425705,"y":-0.12783145904541017,"z":0.017236193642020227,"w":-0.9828096032142639},"size":3.4802844524383547,"orthographic":false}